[
  {
    "id": "001",
    "name": {
      "english": "Bulbasaur",
      "japanese": "フシギダネ",
      "chinese": "妙蛙种子",
      "french": "Bulbizarre"
    },
    "type": ["Grass", "Poison"],
    "base": {
      "HP": 45,
      "Attack": 49,
      "Defense": 49,
      "Sp. Attack": 65,
      "Sp. Defense": 65,
      "Speed": 45
    }
  },
  {
    "id": "002",
    "name": {
      "english": "Ivysaur",
      "japanese": "フシギソウ",
      "chinese": "妙蛙草",
      "french": "Herbizarre"
    },
    "type": ["Grass", "Poison"],
    "base": {
      "HP": 60,
      "Attack": 62,
      "Defense": 63,
      "Sp. Attack": 80,
      "Sp. Defense": 80,
      "Speed": 60
    }
  },
  {
    "id": "003",
    "name": {
      "english": "Venusaur",
      "japanese": "フシギバナ",
      "chinese": "妙蛙花",
      "french": "Florizarre"
    },
    "type": ["Grass", "Poison"],
    "base": {
      "HP": 80,
      "Attack": 82,
      "Defense": 83,
      "Sp. Attack": 100,
      "Sp. Defense": 100,
      "Speed": 80
    }
  },
  {
    "id": "004",
    "name": {
      "english": "Charmander",
      "japanese": "ヒトカゲ",
      "chinese": "小火龙",
      "french": "Salamèche"
    },
    "type": ["Fire"],
    "base": {
      "HP": 39,
      "Attack": 52,
      "Defense": 43,
      "Sp. Attack": 60,
      "Sp. Defense": 50,
      "Speed": 65
    }
  },
  {
    "id": "005",
    "name": {
      "english": "Charmeleon",
      "japanese": "リザード",
      "chinese": "火恐龙",
      "french": "Reptincel"
    },
    "type": ["Fire"],
    "base": {
      "HP": 58,
      "Attack": 64,
      "Defense": 58,
      "Sp. Attack": 80,
      "Sp. Defense": 65,
      "Speed": 80
    }
  },
  {
    "id": "006",
    "name": {
      "english": "Charizard",
      "japanese": "リザードン",
      "chinese": "喷火龙",
      "french": "Dracaufeu"
    },
    "type": ["Fire", "Flying"],
    "base": {
      "HP": 78,
      "Attack": 84,
      "Defense": 78,
      "Sp. Attack": 109,
      "Sp. Defense": 85,
      "Speed": 100
    }
  },
  {
    "id": "007",
    "name": {
      "english": "Squirtle",
      "japanese": "ゼニガメ",
      "chinese": "杰尼龟",
      "french": "Carapuce"
    },
    "type": ["Water"],
    "base": {
      "HP": 44,
      "Attack": 48,
      "Defense": 65,
      "Sp. Attack": 50,
      "Sp. Defense": 64,
      "Speed": 43
    }
  },
  {
    "id": "008",
    "name": {
      "english": "Wartortle",
      "japanese": "カメール",
      "chinese": "卡咪龟",
      "french": "Carabaffe"
    },
    "type": ["Water"],
    "base": {
      "HP": 59,
      "Attack": 63,
      "Defense": 80,
      "Sp. Attack": 65,
      "Sp. Defense": 80,
      "Speed": 58
    }
  },
  {
    "id": "009",
    "name": {
      "english": "Blastoise",
      "japanese": "カメックス",
      "chinese": "水箭龟",
      "french": "Tortank"
    },
    "type": ["Water"],
    "base": {
      "HP": 79,
      "Attack": 83,
      "Defense": 100,
      "Sp. Attack": 85,
      "Sp. Defense": 105,
      "Speed": 78
    }
  },
  {
    "id": "010",
    "name": {
      "english": "Caterpie",
      "japanese": "キャタピー",
      "chinese": "绿毛虫",
      "french": "Chenipan"
    },
    "type": ["Bug"],
    "base": {
      "HP": 45,
      "Attack": 30,
      "Defense": 35,
      "Sp. Attack": 20,
      "Sp. Defense": 20,
      "Speed": 45
    }
  },
  {
    "id": "011",
    "name": {
      "english": "Metapod",
      "japanese": "トランセル",
      "chinese": "铁甲蛹",
      "french": "Chrysacier"
    },
    "type": ["Bug"],
    "base": {
      "HP": 50,
      "Attack": 20,
      "Defense": 55,
      "Sp. Attack": 25,
      "Sp. Defense": 25,
      "Speed": 30
    }
  },
  {
    "id": "012",
    "name": {
      "english": "Butterfree",
      "japanese": "バタフリー",
      "chinese": "巴大蝶",
      "french": "Papilusion"
    },
    "type": ["Bug", "Flying"],
    "base": {
      "HP": 60,
      "Attack": 45,
      "Defense": 50,
      "Sp. Attack": 90,
      "Sp. Defense": 80,
      "Speed": 70
    }
  },
  {
    "id": "013",
    "name": {
      "english": "Weedle",
      "japanese": "ビードル",
      "chinese": "独角虫",
      "french": "Aspicot"
    },
    "type": ["Bug", "Poison"],
    "base": {
      "HP": 40,
      "Attack": 35,
      "Defense": 30,
      "Sp. Attack": 20,
      "Sp. Defense": 20,
      "Speed": 50
    }
  },
  {
    "id": "014",
    "name": {
      "english": "Kakuna",
      "japanese": "コクーン",
      "chinese": "铁壳蛹",
      "french": "Coconfort"
    },
    "type": ["Bug", "Poison"],
    "base": {
      "HP": 45,
      "Attack": 25,
      "Defense": 50,
      "Sp. Attack": 25,
      "Sp. Defense": 25,
      "Speed": 35
    }
  },
  {
    "id": "015",
    "name": {
      "english": "Beedrill",
      "japanese": "スピアー",
      "chinese": "大针蜂",
      "french": "Dardargnan"
    },
    "type": ["Bug", "Poison"],
    "base": {
      "HP": 65,
      "Attack": 90,
      "Defense": 40,
      "Sp. Attack": 45,
      "Sp. Defense": 80,
      "Speed": 75
    }
  },
  {
    "id": "016",
    "name": {
      "english": "Pidgey",
      "japanese": "ポッポ",
      "chinese": "波波",
      "french": "Roucool"
    },
    "type": ["Normal", "Flying"],
    "base": {
      "HP": 40,
      "Attack": 45,
      "Defense": 40,
      "Sp. Attack": 35,
      "Sp. Defense": 35,
      "Speed": 56
    }
  },
  {
    "id": "017",
    "name": {
      "english": "Pidgeotto",
      "japanese": "ピジョン",
      "chinese": "比比鸟",
      "french": "Roucoups"
    },
    "type": ["Normal", "Flying"],
    "base": {
      "HP": 63,
      "Attack": 60,
      "Defense": 55,
      "Sp. Attack": 50,
      "Sp. Defense": 50,
      "Speed": 71
    }
  },
  {
    "id": "018",
    "name": {
      "english": "Pidgeot",
      "japanese": "ピジョット",
      "chinese": "大比鸟",
      "french": "Roucarnage"
    },
    "type": ["Normal", "Flying"],
    "base": {
      "HP": 83,
      "Attack": 80,
      "Defense": 75,
      "Sp. Attack": 70,
      "Sp. Defense": 70,
      "Speed": 101
    }
  },
  {
    "id": "019",
    "name": {
      "english": "Rattata",
      "japanese": "コラッタ",
      "chinese": "小拉达",
      "french": "Rattata"
    },
    "type": ["Normal"],
    "base": {
      "HP": 30,
      "Attack": 56,
      "Defense": 35,
      "Sp. Attack": 25,
      "Sp. Defense": 35,
      "Speed": 72
    }
  },
  {
    "id": "020",
    "name": {
      "english": "Raticate",
      "japanese": "ラッタ",
      "chinese": "拉达",
      "french": "Rattatac"
    },
    "type": ["Normal"],
    "base": {
      "HP": 55,
      "Attack": 81,
      "Defense": 60,
      "Sp. Attack": 50,
      "Sp. Defense": 70,
      "Speed": 97
    }
  },
  {
    "id": "021",
    "name": {
      "english": "Spearow",
      "japanese": "オニスズメ",
      "chinese": "烈雀",
      "french": "Piafabec"
    },
    "type": ["Normal", "Flying"],
    "base": {
      "HP": 40,
      "Attack": 60,
      "Defense": 30,
      "Sp. Attack": 31,
      "Sp. Defense": 31,
      "Speed": 70
    }
  },
  {
    "id": "022",
    "name": {
      "english": "Fearow",
      "japanese": "オニドリル",
      "chinese": "大嘴雀",
      "french": "Rapasdepic"
    },
    "type": ["Normal", "Flying"],
    "base": {
      "HP": 65,
      "Attack": 90,
      "Defense": 65,
      "Sp. Attack": 61,
      "Sp. Defense": 61,
      "Speed": 100
    }
  },
  {
    "id": "023",
    "name": {
      "english": "Ekans",
      "japanese": "アーボ",
      "chinese": "阿柏蛇",
      "french": "Abo"
    },
    "type": ["Poison"],
    "base": {
      "HP": 35,
      "Attack": 60,
      "Defense": 44,
      "Sp. Attack": 40,
      "Sp. Defense": 54,
      "Speed": 55
    }
  },
  {
    "id": "024",
    "name": {
      "english": "Arbok",
      "japanese": "アーボック",
      "chinese": "阿柏怪",
      "french": "Arbok"
    },
    "type": ["Poison"],
    "base": {
      "HP": 60,
      "Attack": 95,
      "Defense": 69,
      "Sp. Attack": 65,
      "Sp. Defense": 79,
      "Speed": 80
    }
  },
  {
    "id": "025",
    "name": {
      "english": "Pikachu",
      "japanese": "ピカチュウ",
      "chinese": "皮卡丘",
      "french": "Pikachu"
    },
    "type": ["Electric"],
    "base": {
      "HP": 35,
      "Attack": 55,
      "Defense": 40,
      "Sp. Attack": 50,
      "Sp. Defense": 50,
      "Speed": 90
    }
  },
  {
    "id": "026",
    "name": {
      "english": "Raichu",
      "japanese": "ライチュウ",
      "chinese": "雷丘",
      "french": "Raichu"
    },
    "type": ["Electric"],
    "base": {
      "HP": 60,
      "Attack": 90,
      "Defense": 55,
      "Sp. Attack": 90,
      "Sp. Defense": 80,
      "Speed": 110
    }
  },
  {
    "id": "027",
    "name": {
      "english": "Sandshrew",
      "japanese": "サンド",
      "chinese": "穿山鼠",
      "french": "Sabelette"
    },
    "type": ["Ground"],
    "base": {
      "HP": 50,
      "Attack": 75,
      "Defense": 85,
      "Sp. Attack": 20,
      "Sp. Defense": 30,
      "Speed": 40
    }
  },
  {
    "id": "028",
    "name": {
      "english": "Sandslash",
      "japanese": "サンドパン",
      "chinese": "穿山王",
      "french": "Sablaireau"
    },
    "type": ["Ground"],
    "base": {
      "HP": 75,
      "Attack": 100,
      "Defense": 110,
      "Sp. Attack": 45,
      "Sp. Defense": 55,
      "Speed": 65
    }
  },
  {
    "id": "029",
    "name": {
      "english": "Nidoran♀",
      "japanese": "ニドラン♀",
      "chinese": "尼多兰",
      "french": "Nidoran♀"
    },
    "type": ["Poison"],
    "base": {
      "HP": 55,
      "Attack": 47,
      "Defense": 52,
      "Sp. Attack": 40,
      "Sp. Defense": 40,
      "Speed": 41
    }
  },
  {
    "id": "030",
    "name": {
      "english": "Nidorina",
      "japanese": "ニドリーナ",
      "chinese": "尼多娜",
      "french": "Nidorina"
    },
    "type": ["Poison"],
    "base": {
      "HP": 70,
      "Attack": 62,
      "Defense": 67,
      "Sp. Attack": 55,
      "Sp. Defense": 55,
      "Speed": 56
    }
  },
  {
    "id": "031",
    "name": {
      "english": "Nidoqueen",
      "japanese": "ニドクイン",
      "chinese": "尼多后",
      "french": "Nidoqueen"
    },
    "type": ["Poison", "Ground"],
    "base": {
      "HP": 90,
      "Attack": 92,
      "Defense": 87,
      "Sp. Attack": 75,
      "Sp. Defense": 85,
      "Speed": 76
    }
  },
  {
    "id": "032",
    "name": {
      "english": "Nidoran♂",
      "japanese": "ニドラン♂",
      "chinese": "尼多朗",
      "french": "Nidoran♂"
    },
    "type": ["Poison"],
    "base": {
      "HP": 46,
      "Attack": 57,
      "Defense": 40,
      "Sp. Attack": 40,
      "Sp. Defense": 40,
      "Speed": 50
    }
  },
  {
    "id": "033",
    "name": {
      "english": "Nidorino",
      "japanese": "ニドリーノ",
      "chinese": "尼多力诺",
      "french": "Nidorino"
    },
    "type": ["Poison"],
    "base": {
      "HP": 61,
      "Attack": 72,
      "Defense": 57,
      "Sp. Attack": 55,
      "Sp. Defense": 55,
      "Speed": 65
    }
  },
  {
    "id": "034",
    "name": {
      "english": "Nidoking",
      "japanese": "ニドキング",
      "chinese": "尼多王",
      "french": "Nidoking"
    },
    "type": ["Poison", "Ground"],
    "base": {
      "HP": 81,
      "Attack": 102,
      "Defense": 77,
      "Sp. Attack": 85,
      "Sp. Defense": 75,
      "Speed": 85
    }
  },
  {
    "id": "035",
    "name": {
      "english": "Clefairy",
      "japanese": "ピッピ",
      "chinese": "皮皮",
      "french": "Mélofée"
    },
    "type": ["Fairy"],
    "base": {
      "HP": 70,
      "Attack": 45,
      "Defense": 48,
      "Sp. Attack": 60,
      "Sp. Defense": 65,
      "Speed": 35
    }
  },
  {
    "id": "036",
    "name": {
      "english": "Clefable",
      "japanese": "ピクシー",
      "chinese": "皮可西",
      "french": "Mélodelfe"
    },
    "type": ["Fairy"],
    "base": {
      "HP": 95,
      "Attack": 70,
      "Defense": 73,
      "Sp. Attack": 95,
      "Sp. Defense": 90,
      "Speed": 60
    }
  },
  {
    "id": "037",
    "name": {
      "english": "Vulpix",
      "japanese": "ロコン",
      "chinese": "六尾",
      "french": "Goupix"
    },
    "type": ["Fire"],
    "base": {
      "HP": 38,
      "Attack": 41,
      "Defense": 40,
      "Sp. Attack": 50,
      "Sp. Defense": 65,
      "Speed": 65
    }
  },
  {
    "id": "038",
    "name": {
      "english": "Ninetales",
      "japanese": "キュウコン",
      "chinese": "九尾",
      "french": "Feunard"
    },
    "type": ["Fire"],
    "base": {
      "HP": 73,
      "Attack": 76,
      "Defense": 75,
      "Sp. Attack": 81,
      "Sp. Defense": 100,
      "Speed": 100
    }
  },
  {
    "id": "039",
    "name": {
      "english": "Jigglypuff",
      "japanese": "プリン",
      "chinese": "胖丁",
      "french": "Rondoudou"
    },
    "type": ["Normal", "Fairy"],
    "base": {
      "HP": 115,
      "Attack": 45,
      "Defense": 20,
      "Sp. Attack": 45,
      "Sp. Defense": 25,
      "Speed": 20
    }
  },
  {
    "id": "040",
    "name": {
      "english": "Wigglytuff",
      "japanese": "プクリン",
      "chinese": "胖可丁",
      "french": "Grodoudou"
    },
    "type": ["Normal", "Fairy"],
    "base": {
      "HP": 140,
      "Attack": 70,
      "Defense": 45,
      "Sp. Attack": 85,
      "Sp. Defense": 50,
      "Speed": 45
    }
  },
  {
    "id": "041",
    "name": {
      "english": "Zubat",
      "japanese": "ズバット",
      "chinese": "超音蝠",
      "french": "Nosferapti"
    },
    "type": ["Poison", "Flying"],
    "base": {
      "HP": 40,
      "Attack": 45,
      "Defense": 35,
      "Sp. Attack": 30,
      "Sp. Defense": 40,
      "Speed": 55
    }
  },
  {
    "id": "042",
    "name": {
      "english": "Golbat",
      "japanese": "ゴルバット",
      "chinese": "大嘴蝠",
      "french": "Nosferalto"
    },
    "type": ["Poison", "Flying"],
    "base": {
      "HP": 75,
      "Attack": 80,
      "Defense": 70,
      "Sp. Attack": 65,
      "Sp. Defense": 75,
      "Speed": 90
    }
  },
  {
    "id": "043",
    "name": {
      "english": "Oddish",
      "japanese": "ナゾノクサ",
      "chinese": "走路草",
      "french": "Mystherbe"
    },
    "type": ["Grass", "Poison"],
    "base": {
      "HP": 45,
      "Attack": 50,
      "Defense": 55,
      "Sp. Attack": 75,
      "Sp. Defense": 65,
      "Speed": 30
    }
  },
  {
    "id": "044",
    "name": {
      "english": "Gloom",
      "japanese": "クサイハナ",
      "chinese": "臭臭花",
      "french": "Ortide"
    },
    "type": ["Grass", "Poison"],
    "base": {
      "HP": 60,
      "Attack": 65,
      "Defense": 70,
      "Sp. Attack": 85,
      "Sp. Defense": 75,
      "Speed": 40
    }
  },
  {
    "id": "045",
    "name": {
      "english": "Vileplume",
      "japanese": "ラフレシア",
      "chinese": "霸王花",
      "french": "Rafflesia"
    },
    "type": ["Grass", "Poison"],
    "base": {
      "HP": 75,
      "Attack": 80,
      "Defense": 85,
      "Sp. Attack": 110,
      "Sp. Defense": 90,
      "Speed": 50
    }
  },
  {
    "id": "046",
    "name": {
      "english": "Paras",
      "japanese": "パラス",
      "chinese": "派拉斯",
      "french": "Paras"
    },
    "type": ["Bug", "Grass"],
    "base": {
      "HP": 35,
      "Attack": 70,
      "Defense": 55,
      "Sp. Attack": 45,
      "Sp. Defense": 55,
      "Speed": 25
    }
  },
  {
    "id": "047",
    "name": {
      "english": "Parasect",
      "japanese": "パラセクト",
      "chinese": "派拉斯特",
      "french": "Parasect"
    },
    "type": ["Bug", "Grass"],
    "base": {
      "HP": 60,
      "Attack": 95,
      "Defense": 80,
      "Sp. Attack": 60,
      "Sp. Defense": 80,
      "Speed": 30
    }
  },
  {
    "id": "048",
    "name": {
      "english": "Venonat",
      "japanese": "コンパン",
      "chinese": "毛球",
      "french": "Mimitoss"
    },
    "type": ["Bug", "Poison"],
    "base": {
      "HP": 60,
      "Attack": 55,
      "Defense": 50,
      "Sp. Attack": 40,
      "Sp. Defense": 55,
      "Speed": 45
    }
  },
  {
    "id": "049",
    "name": {
      "english": "Venomoth",
      "japanese": "モルフォン",
      "chinese": "摩鲁蛾",
      "french": "Aéromite"
    },
    "type": ["Bug", "Poison"],
    "base": {
      "HP": 70,
      "Attack": 65,
      "Defense": 60,
      "Sp. Attack": 90,
      "Sp. Defense": 75,
      "Speed": 90
    }
  },
  {
    "id": "050",
    "name": {
      "english": "Diglett",
      "japanese": "ディグダ",
      "chinese": "地鼠",
      "french": "Taupiqueur"
    },
    "type": ["Ground"],
    "base": {
      "HP": 10,
      "Attack": 55,
      "Defense": 25,
      "Sp. Attack": 35,
      "Sp. Defense": 45,
      "Speed": 95
    }
  },
  {
    "id": "051",
    "name": {
      "english": "Dugtrio",
      "japanese": "ダグトリオ",
      "chinese": "三地鼠",
      "french": "Triopikeur"
    },
    "type": ["Ground"],
    "base": {
      "HP": 35,
      "Attack": 100,
      "Defense": 50,
      "Sp. Attack": 50,
      "Sp. Defense": 70,
      "Speed": 120
    }
  },
  {
    "id": "052",
    "name": {
      "english": "Meowth",
      "japanese": "ニャース",
      "chinese": "喵喵",
      "french": "Miaouss"
    },
    "type": ["Normal"],
    "base": {
      "HP": 40,
      "Attack": 45,
      "Defense": 35,
      "Sp. Attack": 40,
      "Sp. Defense": 40,
      "Speed": 90
    }
  },
  {
    "id": "053",
    "name": {
      "english": "Persian",
      "japanese": "ペルシアン",
      "chinese": "猫老大",
      "french": "Persian"
    },
    "type": ["Normal"],
    "base": {
      "HP": 65,
      "Attack": 70,
      "Defense": 60,
      "Sp. Attack": 65,
      "Sp. Defense": 65,
      "Speed": 115
    }
  },
  {
    "id": "054",
    "name": {
      "english": "Psyduck",
      "japanese": "コダック",
      "chinese": "可达鸭",
      "french": "Psykokwak"
    },
    "type": ["Water"],
    "base": {
      "HP": 50,
      "Attack": 52,
      "Defense": 48,
      "Sp. Attack": 65,
      "Sp. Defense": 50,
      "Speed": 55
    }
  },
  {
    "id": "055",
    "name": {
      "english": "Golduck",
      "japanese": "ゴルダック",
      "chinese": "哥达鸭",
      "french": "Akwakwak"
    },
    "type": ["Water"],
    "base": {
      "HP": 80,
      "Attack": 82,
      "Defense": 78,
      "Sp. Attack": 95,
      "Sp. Defense": 80,
      "Speed": 85
    }
  },
  {
    "id": "056",
    "name": {
      "english": "Mankey",
      "japanese": "マンキー",
      "chinese": "猴怪",
      "french": "Férosinge"
    },
    "type": ["Fighting"],
    "base": {
      "HP": 40,
      "Attack": 80,
      "Defense": 35,
      "Sp. Attack": 35,
      "Sp. Defense": 45,
      "Speed": 70
    }
  },
  {
    "id": "057",
    "name": {
      "english": "Primeape",
      "japanese": "オコリザル",
      "chinese": "火暴猴",
      "french": "Colossinge"
    },
    "type": ["Fighting"],
    "base": {
      "HP": 65,
      "Attack": 105,
      "Defense": 60,
      "Sp. Attack": 60,
      "Sp. Defense": 70,
      "Speed": 95
    }
  },
  {
    "id": "058",
    "name": {
      "english": "Growlithe",
      "japanese": "ガーディ",
      "chinese": "卡蒂狗",
      "french": "Caninos"
    },
    "type": ["Fire"],
    "base": {
      "HP": 55,
      "Attack": 70,
      "Defense": 45,
      "Sp. Attack": 70,
      "Sp. Defense": 50,
      "Speed": 60
    }
  },
  {
    "id": "059",
    "name": {
      "english": "Arcanine",
      "japanese": "ウインディ",
      "chinese": "风速狗",
      "french": "Arcanin"
    },
    "type": ["Fire"],
    "base": {
      "HP": 90,
      "Attack": 110,
      "Defense": 80,
      "Sp. Attack": 100,
      "Sp. Defense": 80,
      "Speed": 95
    }
  },
  {
    "id": "060",
    "name": {
      "english": "Poliwag",
      "japanese": "ニョロモ",
      "chinese": "蚊香蝌蚪",
      "french": "Ptitard"
    },
    "type": ["Water"],
    "base": {
      "HP": 40,
      "Attack": 50,
      "Defense": 40,
      "Sp. Attack": 40,
      "Sp. Defense": 40,
      "Speed": 90
    }
  },
  {
    "id": "061",
    "name": {
      "english": "Poliwhirl",
      "japanese": "ニョロゾ",
      "chinese": "蚊香君",
      "french": "Têtarte"
    },
    "type": ["Water"],
    "base": {
      "HP": 65,
      "Attack": 65,
      "Defense": 65,
      "Sp. Attack": 50,
      "Sp. Defense": 50,
      "Speed": 90
    }
  },
  {
    "id": "062",
    "name": {
      "english": "Poliwrath",
      "japanese": "ニョロボン",
      "chinese": "蚊香泳士",
      "french": "Tartard"
    },
    "type": ["Water", "Fighting"],
    "base": {
      "HP": 90,
      "Attack": 95,
      "Defense": 95,
      "Sp. Attack": 70,
      "Sp. Defense": 90,
      "Speed": 70
    }
  },
  {
    "id": "063",
    "name": {
      "english": "Abra",
      "japanese": "ケーシィ",
      "chinese": "凯西",
      "french": "Abra"
    },
    "type": ["Psychic"],
    "base": {
      "HP": 25,
      "Attack": 20,
      "Defense": 15,
      "Sp. Attack": 105,
      "Sp. Defense": 55,
      "Speed": 90
    }
  },
  {
    "id": "064",
    "name": {
      "english": "Kadabra",
      "japanese": "ユンゲラー",
      "chinese": "勇基拉",
      "french": "Kadabra"
    },
    "type": ["Psychic"],
    "base": {
      "HP": 40,
      "Attack": 35,
      "Defense": 30,
      "Sp. Attack": 120,
      "Sp. Defense": 70,
      "Speed": 105
    }
  },
  {
    "id": "065",
    "name": {
      "english": "Alakazam",
      "japanese": "フーディン",
      "chinese": "胡地",
      "french": "Alakazam"
    },
    "type": ["Psychic"],
    "base": {
      "HP": 55,
      "Attack": 50,
      "Defense": 45,
      "Sp. Attack": 135,
      "Sp. Defense": 95,
      "Speed": 120
    }
  },
  {
    "id": "066",
    "name": {
      "english": "Machop",
      "japanese": "ワンリキー",
      "chinese": "腕力",
      "french": "Machoc"
    },
    "type": ["Fighting"],
    "base": {
      "HP": 70,
      "Attack": 80,
      "Defense": 50,
      "Sp. Attack": 35,
      "Sp. Defense": 35,
      "Speed": 35
    }
  },
  {
    "id": "067",
    "name": {
      "english": "Machoke",
      "japanese": "ゴーリキー",
      "chinese": "豪力",
      "french": "Machopeur"
    },
    "type": ["Fighting"],
    "base": {
      "HP": 80,
      "Attack": 100,
      "Defense": 70,
      "Sp. Attack": 50,
      "Sp. Defense": 60,
      "Speed": 45
    }
  },
  {
    "id": "068",
    "name": {
      "english": "Machamp",
      "japanese": "カイリキー",
      "chinese": "怪力",
      "french": "Mackogneur"
    },
    "type": ["Fighting"],
    "base": {
      "HP": 90,
      "Attack": 130,
      "Defense": 80,
      "Sp. Attack": 65,
      "Sp. Defense": 85,
      "Speed": 55
    }
  },
  {
    "id": "069",
    "name": {
      "english": "Bellsprout",
      "japanese": "マダツボミ",
      "chinese": "喇叭芽",
      "french": "Chétiflor"
    },
    "type": ["Grass", "Poison"],
    "base": {
      "HP": 50,
      "Attack": 75,
      "Defense": 35,
      "Sp. Attack": 70,
      "Sp. Defense": 30,
      "Speed": 40
    }
  },
  {
    "id": "070",
    "name": {
      "english": "Weepinbell",
      "japanese": "ウツドン",
      "chinese": "口呆花",
      "french": "Boustiflor"
    },
    "type": ["Grass", "Poison"],
    "base": {
      "HP": 65,
      "Attack": 90,
      "Defense": 50,
      "Sp. Attack": 85,
      "Sp. Defense": 45,
      "Speed": 55
    }
  },
  {
    "id": "071",
    "name": {
      "english": "Victreebel",
      "japanese": "ウツボット",
      "chinese": "大食花",
      "french": "Empiflor"
    },
    "type": ["Grass", "Poison"],
    "base": {
      "HP": 80,
      "Attack": 105,
      "Defense": 65,
      "Sp. Attack": 100,
      "Sp. Defense": 70,
      "Speed": 70
    }
  },
  {
    "id": "072",
    "name": {
      "english": "Tentacool",
      "japanese": "メノクラゲ",
      "chinese": "玛瑙水母",
      "french": "Tentacool"
    },
    "type": ["Water", "Poison"],
    "base": {
      "HP": 40,
      "Attack": 40,
      "Defense": 35,
      "Sp. Attack": 50,
      "Sp. Defense": 100,
      "Speed": 70
    }
  },
  {
    "id": "073",
    "name": {
      "english": "Tentacruel",
      "japanese": "ドククラゲ",
      "chinese": "毒刺水母",
      "french": "Tentacruel"
    },
    "type": ["Water", "Poison"],
    "base": {
      "HP": 80,
      "Attack": 70,
      "Defense": 65,
      "Sp. Attack": 80,
      "Sp. Defense": 120,
      "Speed": 100
    }
  },
  {
    "id": "074",
    "name": {
      "english": "Geodude",
      "japanese": "イシツブテ",
      "chinese": "小拳石",
      "french": "Racaillou"
    },
    "type": ["Rock", "Ground"],
    "base": {
      "HP": 40,
      "Attack": 80,
      "Defense": 100,
      "Sp. Attack": 30,
      "Sp. Defense": 30,
      "Speed": 20
    }
  },
  {
    "id": "075",
    "name": {
      "english": "Graveler",
      "japanese": "ゴローン",
      "chinese": "隆隆石",
      "french": "Gravalanch"
    },
    "type": ["Rock", "Ground"],
    "base": {
      "HP": 55,
      "Attack": 95,
      "Defense": 115,
      "Sp. Attack": 45,
      "Sp. Defense": 45,
      "Speed": 35
    }
  },
  {
    "id": "076",
    "name": {
      "english": "Golem",
      "japanese": "ゴローニャ",
      "chinese": "隆隆岩",
      "french": "Grolem"
    },
    "type": ["Rock", "Ground"],
    "base": {
      "HP": 80,
      "Attack": 120,
      "Defense": 130,
      "Sp. Attack": 55,
      "Sp. Defense": 65,
      "Speed": 45
    }
  },
  {
    "id": "077",
    "name": {
      "english": "Ponyta",
      "japanese": "ポニータ",
      "chinese": "小火马",
      "french": "Ponyta"
    },
    "type": ["Fire"],
    "base": {
      "HP": 50,
      "Attack": 85,
      "Defense": 55,
      "Sp. Attack": 65,
      "Sp. Defense": 65,
      "Speed": 90
    }
  },
  {
    "id": "078",
    "name": {
      "english": "Rapidash",
      "japanese": "ギャロップ",
      "chinese": "烈焰马",
      "french": "Galopa"
    },
    "type": ["Fire"],
    "base": {
      "HP": 65,
      "Attack": 100,
      "Defense": 70,
      "Sp. Attack": 80,
      "Sp. Defense": 80,
      "Speed": 105
    }
  },
  {
    "id": "079",
    "name": {
      "english": "Slowpoke",
      "japanese": "ヤドン",
      "chinese": "呆呆兽",
      "french": "Ramoloss"
    },
    "type": ["Water", "Psychic"],
    "base": {
      "HP": 90,
      "Attack": 65,
      "Defense": 65,
      "Sp. Attack": 40,
      "Sp. Defense": 40,
      "Speed": 15
    }
  },
  {
    "id": "080",
    "name": {
      "english": "Slowbro",
      "japanese": "ヤドラン",
      "chinese": "呆壳兽",
      "french": "Flagadoss"
    },
    "type": ["Water", "Psychic"],
    "base": {
      "HP": 95,
      "Attack": 75,
      "Defense": 110,
      "Sp. Attack": 100,
      "Sp. Defense": 80,
      "Speed": 30
    }
  },
  {
    "id": "081",
    "name": {
      "english": "Magnemite",
      "japanese": "コイル",
      "chinese": "小磁怪",
      "french": "Magnéti"
    },
    "type": ["Electric", "Steel"],
    "base": {
      "HP": 25,
      "Attack": 35,
      "Defense": 70,
      "Sp. Attack": 95,
      "Sp. Defense": 55,
      "Speed": 45
    }
  },
  {
    "id": "082",
    "name": {
      "english": "Magneton",
      "japanese": "レアコイル",
      "chinese": "三合一磁怪",
      "french": "Magnéton"
    },
    "type": ["Electric", "Steel"],
    "base": {
      "HP": 50,
      "Attack": 60,
      "Defense": 95,
      "Sp. Attack": 120,
      "Sp. Defense": 70,
      "Speed": 70
    }
  },
  {
    "id": "083",
    "name": {
      "english": "Farfetch'd",
      "japanese": "カモネギ",
      "chinese": "大葱鸭",
      "french": "Canarticho"
    },
    "type": ["Normal", "Flying"],
    "base": {
      "HP": 52,
      "Attack": 90,
      "Defense": 55,
      "Sp. Attack": 58,
      "Sp. Defense": 62,
      "Speed": 60
    }
  },
  {
    "id": "084",
    "name": {
      "english": "Doduo",
      "japanese": "ドードー",
      "chinese": "嘟嘟",
      "french": "Doduo"
    },
    "type": ["Normal", "Flying"],
    "base": {
      "HP": 35,
      "Attack": 85,
      "Defense": 45,
      "Sp. Attack": 35,
      "Sp. Defense": 35,
      "Speed": 75
    }
  },
  {
    "id": "085",
    "name": {
      "english": "Dodrio",
      "japanese": "ドードリオ",
      "chinese": "嘟嘟利",
      "french": "Dodrio"
    },
    "type": ["Normal", "Flying"],
    "base": {
      "HP": 60,
      "Attack": 110,
      "Defense": 70,
      "Sp. Attack": 60,
      "Sp. Defense": 60,
      "Speed": 110
    }
  },
  {
    "id": "086",
    "name": {
      "english": "Seel",
      "japanese": "パウワウ",
      "chinese": "小海狮",
      "french": "Otaria"
    },
    "type": ["Water"],
    "base": {
      "HP": 65,
      "Attack": 45,
      "Defense": 55,
      "Sp. Attack": 45,
      "Sp. Defense": 70,
      "Speed": 45
    }
  },
  {
    "id": "087",
    "name": {
      "english": "Dewgong",
      "japanese": "ジュゴン",
      "chinese": "白海狮",
      "french": "Lamantine"
    },
    "type": ["Water", "Ice"],
    "base": {
      "HP": 90,
      "Attack": 70,
      "Defense": 80,
      "Sp. Attack": 70,
      "Sp. Defense": 95,
      "Speed": 70
    }
  },
  {
    "id": "088",
    "name": {
      "english": "Grimer",
      "japanese": "ベトベター",
      "chinese": "臭泥",
      "french": "Tadmorv"
    },
    "type": ["Poison"],
    "base": {
      "HP": 80,
      "Attack": 80,
      "Defense": 50,
      "Sp. Attack": 40,
      "Sp. Defense": 50,
      "Speed": 25
    }
  },
  {
    "id": "089",
    "name": {
      "english": "Muk",
      "japanese": "ベトベトン",
      "chinese": "臭臭泥",
      "french": "Grotadmorv"
    },
    "type": ["Poison"],
    "base": {
      "HP": 105,
      "Attack": 105,
      "Defense": 75,
      "Sp. Attack": 65,
      "Sp. Defense": 100,
      "Speed": 50
    }
  },
  {
    "id": "090",
    "name": {
      "english": "Shellder",
      "japanese": "シェルダー",
      "chinese": "大舌贝",
      "french": "Kokiyas"
    },
    "type": ["Water"],
    "base": {
      "HP": 30,
      "Attack": 65,
      "Defense": 100,
      "Sp. Attack": 45,
      "Sp. Defense": 25,
      "Speed": 40
    }
  },
  {
    "id": "091",
    "name": {
      "english": "Cloyster",
      "japanese": "パルシェン",
      "chinese": "刺甲贝",
      "french": "Crustabri"
    },
    "type": ["Water", "Ice"],
    "base": {
      "HP": 50,
      "Attack": 95,
      "Defense": 180,
      "Sp. Attack": 85,
      "Sp. Defense": 45,
      "Speed": 70
    }
  },
  {
    "id": "092",
    "name": {
      "english": "Gastly",
      "japanese": "ゴース",
      "chinese": "鬼斯",
      "french": "Fantominus"
    },
    "type": ["Ghost", "Poison"],
    "base": {
      "HP": 30,
      "Attack": 35,
      "Defense": 30,
      "Sp. Attack": 100,
      "Sp. Defense": 35,
      "Speed": 80
    }
  },
  {
    "id": "093",
    "name": {
      "english": "Haunter",
      "japanese": "ゴースト",
      "chinese": "鬼斯通",
      "french": "Spectrum"
    },
    "type": ["Ghost", "Poison"],
    "base": {
      "HP": 45,
      "Attack": 50,
      "Defense": 45,
      "Sp. Attack": 115,
      "Sp. Defense": 55,
      "Speed": 95
    }
  },
  {
    "id": "094",
    "name": {
      "english": "Gengar",
      "japanese": "ゲンガー",
      "chinese": "耿鬼",
      "french": "Ectoplasma"
    },
    "type": ["Ghost", "Poison"],
    "base": {
      "HP": 60,
      "Attack": 65,
      "Defense": 60,
      "Sp. Attack": 130,
      "Sp. Defense": 75,
      "Speed": 110
    }
  },
  {
    "id": "095",
    "name": {
      "english": "Onix",
      "japanese": "イワーク",
      "chinese": "大岩蛇",
      "french": "Onix"
    },
    "type": ["Rock", "Ground"],
    "base": {
      "HP": 35,
      "Attack": 45,
      "Defense": 160,
      "Sp. Attack": 30,
      "Sp. Defense": 45,
      "Speed": 70
    }
  },
  {
    "id": "096",
    "name": {
      "english": "Drowzee",
      "japanese": "スリープ",
      "chinese": "催眠貘",
      "french": "Soporifik"
    },
    "type": ["Psychic"],
    "base": {
      "HP": 60,
      "Attack": 48,
      "Defense": 45,
      "Sp. Attack": 43,
      "Sp. Defense": 90,
      "Speed": 42
    }
  },
  {
    "id": "097",
    "name": {
      "english": "Hypno",
      "japanese": "スリーパー",
      "chinese": "引梦貘人",
      "french": "Hypnomade"
    },
    "type": ["Psychic"],
    "base": {
      "HP": 85,
      "Attack": 73,
      "Defense": 70,
      "Sp. Attack": 73,
      "Sp. Defense": 115,
      "Speed": 67
    }
  },
  {
    "id": "098",
    "name": {
      "english": "Krabby",
      "japanese": "クラブ",
      "chinese": "大钳蟹",
      "french": "Krabby"
    },
    "type": ["Water"],
    "base": {
      "HP": 30,
      "Attack": 105,
      "Defense": 90,
      "Sp. Attack": 25,
      "Sp. Defense": 25,
      "Speed": 50
    }
  },
  {
    "id": "099",
    "name": {
      "english": "Kingler",
      "japanese": "キングラー",
      "chinese": "巨钳蟹",
      "french": "Krabboss"
    },
    "type": ["Water"],
    "base": {
      "HP": 55,
      "Attack": 130,
      "Defense": 115,
      "Sp. Attack": 50,
      "Sp. Defense": 50,
      "Speed": 75
    }
  }
]
